userID,age,Facebook,Instagram,WhatsApp,Twitter,LinkedIn,Snapchat,YouTube,TotalEngagement
U0001,22,2.75,1.64,2.18,0.21,0.55,0.4,1.47,9.2
U0002,46,2.35,2.69,2.51,1.9,1.33,1.73,1.33,12
U0003,42,3.91,3.66,2.6,0.27,0.33,0.51,0.05,11.33
U0004,59,,3.47,0.95,1.67,1.96,1.85,0.88,12
U0005,23,3.23,0.54,0.2,0.72,0.55,0.92,0.48,6.64
U0006,40,1.07,2.38,2.79,0.15,0.83,1.25,0.06,8.53
U0007,27,2.69,0.7,1.77,1.48,1.41,1.27,0.59,9.91
U0008,57,3.1,3.43,3.6,0.94,1.33,0.68,1.4,12
U0009,19,0.87,3.99,1.13,0.44,1.19,1.01,1.95,10.58
U0010,26,2.56,3.06,0.61,0.33,0.59,0.34,0.16,7.65
U0011,53,2.99,3.11,2.37,0.35,0.92,1.91,1.8,12
U0012,36,0.02,2.42,1.34,1.83,1.67,1.42,0.1,8.8
U0013,64,2.72,2.46,1.04,0.72,1.12,0.27,0.36,8.69
U0014,62,3.19,2.86,1.62,0.49,0.81,1.89,1.88,12
U0015,20,1.75,1.45,1.16,1.12,0.41,1.98,1.06,8.93
U0016,23,2.46,3.52,0.76,1.89,1.35,0.87,,12
U0017,24,3.6,1.45,1.53,0.37,0.9,1.28,1.98,11.11
U0018,29,1.92,3.62,2.38,1.24,0.73,1.85,1.25,12
U0019,50,2.31,0.83,,0.21,0.01,0.66,1.06,6.68
U0020,61,1.51,2.31,3.32,1.47,1.9,1.73,0.44,12
U0021,60,2.5,3.29,2.31,0.13,1.59,1.56,0.76,12
U0022,35,3.7,3.54,0.19,0.02,1.28,1.53,1.79,12
U0023,62,0.67,1.29,3.99,1.42,1.98,0.26,0.81,10.42
U0024,40,2.06,0.42,1.75,1.4,0.39,0.34,1.99,8.35
U0025,20,1.24,0.92,3.84,0.67,0.67,1.35,1.47,10.16
U0026,32,2.59,0.78,3,1.51,0.06,0.54,0.26,8.74
U0027,54,1.86,0.3,3.49,1.11,1.02,0.98,1,9.76
U0028,36,0.47,2.15,2.31,0.88,0.68,1.58,0.28,8.35
U0029,60,2.12,2.74,3.06,1.49,1.9,0.47,1.77,12
U0030,65,2.9,0.63,0.75,1.23,0.06,1.76,0.66,7.99
U0031,34,1.41,2.15,1.38,0.36,0.38,1.31,1.72,8.71
U0032,28,2.2,1.23,2.84,1.42,1.03,0.34,0.93,9.99
U0033,51,2.49,0.34,2.07,1.35,0.97,0.83,0.87,8.92
U0034,58,3.08,3.69,1.44,1.54,1.12,1.74,0.58,12
U0035,22,1.57,3.41,1.48,1.41,1.67,0.93,1.88,12
U0036,37,1.35,2.09,2.81,1.66,0.54,0.37,1.87,10.69
U0037,45,1.55,2.39,0.69,0.54,1.48,0.02,0.4,7.07
U0038,32,0.15,3.08,2.4,0.96,0.46,0.79,0.69,8.53
U0039,55,2.01,0.29,3.74,0.02,1.75,0.08,0.98,8.87
U0040,39,0.65,2.65,3.06,1.29,1.56,0.24,1.53,10.98
U0041,32,2.22,1.5,3.02,1.57,0.96,0.97,1.87,12
U0042,43,2.73,2.48,1.78,1.38,1.57,0.19,1.18,11.31
U0043,54,0.54,3.44,3.69,0.69,0.82,1.79,0.17,11.14
U0044,40,1.09,2.38,3.95,0.48,0.82,1.45,0.88,11.05
U0045,57,1.94,1.25,3.38,1.82,1.18,0.68,0.7,10.95
U0046,52,3.08,1.66,2.67,0.85,1.35,0.44,1.12,11.17
U0047,48,2.68,1.23,3.08,0.48,0.71,1.21,0.06,9.45
U0048,63,2.47,3.55,1.91,1.05,0.9,0.33,1.31,11.52
U0049,47,2.11,3.26,2.05,1.91,0.81,1.99,1.35,12
U0050,64,2.08,0.66,0.23,1.32,0.08,0.63,0.6,5.6
U0051,23,2.39,2.59,2.26,0.14,1.41,0.3,0.48,9.57
U0052,34,0.66,0.17,3.54,1.4,1.01,0.32,1.77,8.87
U0053,40,2.73,2.84,3.86,0.98,1.68,1.47,1.39,12
U0054,38,1.83,2.78,1.37,0.9,0.72,1.43,0.47,9.5
U0055,22,3.91,0.54,0.92,0.07,1.12,1.86,1.64,10.06
U0056,27,3.42,2.09,0.97,1.94,0.79,1.75,1.58,12
U0057,62,0.33,1.14,3.69,0.7,0.63,0.08,1.75,8.32
U0058,27,0.87,3.76,1.78,1.74,1.63,0.79,1.88,12
U0059,31,0.31,3.47,1.29,0.37,1.44,0.5,0.59,7.97
U0060,39,1.47,2.55,2.98,1.67,1.83,0.36,1.72,12
U0061,52,1.56,0.45,3.77,1.22,0.55,0.67,0.93,9.15
U0062,46,0.44,3.05,3.68,0.96,1.52,0.02,1.53,11.2
U0063,47,3.74,1.52,2.43,0.94,0.99,1.9,1.76,12
U0064,29,0.62,3.93,2.99,1.26,0.52,1.88,1.51,12
U0065,59,2.73,2.72,3.53,0.46,0.65,1.22,1.64,12
U0066,57,1.45,1.23,3.8,1.7,0.91,0.87,0.18,10.14
U0067,64,1.88,0.26,3.71,1.9,1.53,0.15,0.19,9.62
U0068,46,3.02,1.39,2.11,1.93,1.45,0.18,0.71,10.79
U0069,63,1.18,0.5,3.83,1.18,0.82,0.96,1.67,10.14
U0070,26,3.33,1.7,3.9,0.33,1.76,1.66,0.74,12
U0071,22,1.25,2.92,3.11,1.53,1.66,1.69,1.36,12
U0072,43,1.18,2.35,2.25,1.32,1.65,0.45,1.8,11
U0073,34,1.89,2.44,3.23,1.68,1.4,1.47,0.63,12
U0074,19,3.17,3.27,3.1,0.02,0.36,1.71,1.86,12
U0075,62,2.19,2.48,1.64,0.31,0.05,1.48,0.12,8.27
U0076,37,0.08,0.08,3.32,0.5,1.26,1.9,1.31,8.45
U0077,38,2.9,2.51,0.95,1.52,0.4,1.45,0.63,10.36
U0078,57,2.85,3.75,0.32,0.68,0.09,1.41,0.58,9.68
U0079,28,2.73,0.88,1.94,0.57,1.17,1.19,0.94,9.42
U0080,35,1.44,3.17,2.4,0.51,1.56,1.01,0.82,10.91
U0081,33,1.91,0.38,0.96,1.03,1.66,0.08,0.01,6.03
U0082,49,3.77,3.11,1.94,1.48,0.19,1.49,0.4,12
U0083,48,3.91,0.08,0.16,1.08,0.05,0.69,0.69,6.66
U0084,24,3.14,3.23,3.92,1.91,1.59,0.68,0.97,12
U0085,42,0.18,3.39,0.69,1.67,1.06,0.22,0.28,7.49
U0086,46,3.82,1.91,2.41,1.75,1.38,1.15,1.34,12
U0087,51,1.07,2.86,3.9,1.63,1.06,0.33,0.91,11.76
U0088,20,1.24,3.77,2.1,0.39,0.37,1.58,0.61,10.06
U0089,18,2.34,1.66,1.21,0.23,0.98,0.45,0.06,6.93
U0090,22,0.23,0.41,0.92,0.17,1.21,1.06,0.86,4.86
U0091,54,3.41,1.74,3.64,1.04,1.36,1.02,0.75,12
U0092,57,1.11,0.59,0.41,0.39,1.16,0.13,1.06,4.85
U0093,46,0.67,0.66,2.98,1.86,1.1,0.33,0.98,8.58
U0094,48,3,3.47,3.4,1.77,1.75,0.56,0.41,12
U0095,36,1.65,1.34,2.02,1.89,1.53,0.23,0.83,9.49
U0096,55,1.31,3.79,0.91,0.57,1.61,1.88,0.08,10.15
U0097,31,2.54,1.92,3.37,0.34,1.95,0.84,1.26,12
U0098,57,1.51,1.15,1.67,0.42,1.16,0.88,1.08,7.87
U0099,57,2.39,1.14,0.52,1.04,1.23,1.24,1.26,8.82
U0100,58,3.58,2.56,2.78,0.73,1.15,1.2,0.82,12
U0101,61,3.48,2.7,0.48,0.77,0.11,1.93,0.87,10.34
U0102,27,1.69,2.86,2.81,1.78,1.82,0.09,1.58,12
U0103,28,3.28,2.01,3.98,0.29,0.4,1.63,0.42,12
U0104,30,2.95,0.54,1.59,1.05,0.49,1.43,0.21,8.26
U0105,64,2.77,0.36,0.25,0.28,1.68,0.87,1.52,7.73
U0106,63,2.84,0.73,1.36,1.19,0.91,0.23,1.22,8.48
U0107,35,3.23,3.14,1.27,0.25,0.48,0.74,1.43,10.54
U0108,61,2.64,1.28,1.5,1.01,1.74,1.79,1.97,11.93
U0109,47,3.23,2.8,0.29,1.05,1.25,0.91,1.36,10.89
U0110,20,2.39,0.39,1.51,0.73,0.94,0.26,0.75,6.97
U0111,61,1.49,0.13,1.14,1.33,1.67,0.47,0.97,7.2
U0112,65,2.19,2.44,0.69,1.1,0.57,0.95,0.5,8.44
U0113,31,2.92,0.52,3.68,1.12,0.44,0.19,0.33,9.2
U0114,60,3.98,1.03,2.41,0.67,1.57,1.36,1.15,12
U0115,44,1.29,2.21,2.57,0.67,1.13,1.89,0.96,10.72
U0116,64,2.92,0.89,1.49,0.44,0.97,0.22,0.16,7.09
U0117,62,1.1,1.38,3.33,1.6,0.4,1.43,0.1,9.34
U0118,55,0.7,0.48,3.44,0.29,1.56,0.91,0.39,7.77
U0119,52,2.43,1.5,2.48,1.91,1.44,0.86,0.67,11.29
U0120,23,1.15,3.01,2.5,1.01,0.27,1.57,0.36,9.87
U0121,20,2.78,2.71,3.05,1.92,1.79,1.82,1.52,12
U0122,32,1.86,3.04,1.5,1.39,1.88,1.2,0.35,11.22
U0123,30,0.75,3.36,2.05,1.26,0.93,1.4,1.37,11.12
U0124,33,2.71,0.84,1.01,1.89,1.2,1.06,0.02,8.73
U0125,40,2.96,0.29,1.72,1.09,0.1,1.17,0.13,7.46
U0126,61,2.94,3.83,2.99,1.86,0.33,0.5,0,12
U0127,50,3.63,0.54,2.54,1.52,0.87,0.28,1.08,10.46
U0128,50,2.85,3.21,1.09,0.03,1.16,1.17,1.15,10.66
U0129,29,2.46,1.72,2.77,1.82,0.93,0.21,1.7,11.61
U0130,64,3.7,2.23,1.96,1.05,0.81,1.34,0.13,11.22
U0131,21,1.53,0.57,1.53,0.08,1.39,1.64,1.19,7.93
U0132,52,0.08,1.88,3.18,0.37,1.59,1.82,0,8.92
U0133,54,0.65,2.71,1.21,0.03,1.39,1.14,1.88,9.01
U0134,38,0.33,2.72,2.08,0.5,1.66,0.64,0.54,8.47
U0135,49,2.27,0.31,1.07,1.2,0.3,0.77,1.34,7.26
U0136,62,3.52,3.83,1.75,1.63,1.23,0,0.04,12
U0137,29,1.68,1.75,2.56,0.65,1.59,0.75,1.09,10.07
U0138,54,1.54,1.1,1.74,0.88,0.32,1.39,1.55,8.52
U0139,19,0.08,0.54,0.85,1,0.95,0.78,1.62,5.82
U0140,26,3.47,3.2,1.46,0.96,1.8,1.99,0.18,12
U0141,39,2.68,0.1,3.21,1.97,0.36,0.31,0.07,8.7
U0142,39,0.4,0.47,0.3,1.81,0.96,1.18,1.15,6.27
U0143,27,2.29,2.03,1.86,0.68,1.55,0.05,0.22,8.68
U0144,41,1.11,3.81,1.37,1.03,1.37,1.6,0.99,11.28
U0145,25,3.87,2.36,1.45,1.22,1.27,1.36,0.24,11.77
U0146,44,2.24,1.83,0.86,0.61,0.93,0.57,1.13,8.17
U0147,59,1.37,0.73,2.67,0.24,0.29,1.91,1.92,9.13
U0148,43,0.18,0.14,0.79,0.79,1.05,1.83,1.37,6.15
U0149,55,1.96,2.74,0.06,0.01,0.78,1.55,0.68,7.78
U0150,35,0.2,3.43,0.61,0.43,0.91,0.95,1.54,8.07
U0151,29,0.79,3.9,1.27,1.2,0.72,0.88,0.72,9.48
U0152,65,3.38,3.93,3.23,0.6,1.29,1.96,0.37,12
U0153,44,1.43,3.66,0.66,1.46,0.32,1.25,1.38,10.16
U0154,53,2.48,3.11,3.76,0.22,1.39,1.01,0.54,12
U0155,63,0.1,1.08,0.05,0.35,0.19,0.75,0.53,3.05
U0156,55,0.36,0.86,1.29,0.68,1.11,1.72,0.65,6.67
U0157,34,3.93,0.5,0.62,0.48,0.58,0.15,1.19,7.45
U0158,41,3.72,3.51,2.79,1.85,0.85,0.8,0.57,12
U0159,25,1.14,2.5,3.36,0.3,1.81,1.85,0.67,11.63
U0160,35,2.05,3.9,2.89,0.18,0.3,1.89,1.38,12
U0161,29,1.9,2,3.44,1.51,0.55,1.59,1.75,12
U0162,32,2.92,0.59,1.55,0.24,0.45,0.77,1.03,7.55
U0163,34,0.52,1.2,3.76,1.97,1.48,0.32,0.55,9.8
U0164,21,0.79,3.67,1.46,0.18,0.18,1.2,1.57,9.05
U0165,31,2.17,3.2,0.83,1.98,0.78,1.69,0.23,10.88
U0166,53,3.12,2.43,2.79,1.67,0.65,0.91,1.03,12
U0167,38,1.63,0.39,3.7,1.78,1.71,1.53,1.39,12
U0168,39,3.32,1.74,0.25,1.64,1.17,1.45,0.9,10.47
U0169,56,2.47,2.76,0.47,0.42,0.38,1.86,0.91,9.27
U0170,42,2.02,3.43,3.47,0.43,1.68,0.66,1.99,12
U0171,47,2.15,2.75,3.53,1.64,1.84,0.79,0.55,12
U0172,63,0.48,3.26,3.4,1.94,0.14,1.65,1.66,12
U0173,50,1.16,2.43,0.6,1.38,0.8,1.42,0.34,8.13
U0174,56,3.86,1.25,2.22,1.5,0.88,1,1,11.71
U0175,41,0.21,1.07,3.31,0.31,0.04,1.03,1.74,7.71
U0176,64,3.86,2.46,1.42,1.59,1.69,0.99,1.35,12
U0177,65,2.34,0.63,2.84,1.37,0.24,0.37,0.75,8.54
U0178,27,2.7,0.21,2.74,0.81,1.73,0.74,1.46,10.39
U0179,65,1.78,0.42,1.34,1.52,1,0.82,1.66,8.54
U0180,20,0.73,0.77,3.41,0.13,1.76,1.38,0.76,8.94
U0181,27,0.97,1.61,2.68,1.32,0.78,1.86,1.07,10.29
U0182,58,3.54,2.69,1.15,1.62,1.16,1.85,1.61,12
U0183,33,3.22,2.3,2.27,1.96,0.85,1.66,1.18,12
U0184,57,1.98,1.94,1.77,0.02,0.7,1.36,1.92,9.69
U0185,36,0.71,3.45,0.33,0.95,1.71,1.61,0.28,9.04
U0186,28,2.5,2.13,1.76,1.13,1.73,1.35,1.7,12
U0187,28,0.31,3.58,0.99,1.36,0.68,1.86,1.87,10.65
U0188,58,0.23,3.01,0.84,1.34,0.81,0.71,1.78,8.72
U0189,36,0.13,2.15,0.08,1.25,0.73,0,0.1,4.44
U0190,64,2.94,2.71,3.17,0.04,1.69,1.54,0.7,12
U0191,24,1.77,2.58,3.79,1.31,1.86,0.32,1.01,12
U0192,33,2.83,3.33,0.79,1.38,0.79,0.95,0.99,11.06
U0193,35,3.5,3.13,3.45,0.33,0.56,0.74,0.94,12
U0194,60,0.76,1.69,0.9,0.12,0.21,1.42,1.41,6.51
U0195,51,0.04,1.67,2.7,1.61,0.55,0.76,0.66,7.99
U0196,52,3.07,1.31,0.44,0.86,0.47,0.42,1.79,8.36
U0197,48,3.69,1.21,2.4,1.97,1.12,1.26,1.22,12
U0198,25,0.89,2.33,2.55,1.6,0.38,0.44,0.71,8.9
U0199,58,1.62,0.15,0.96,1.71,1.4,0.93,0.56,7.33
U0200,56,0.93,2.44,2.87,1.03,1.69,0.63,1.27,10.86
U0201,18,2.82,0.8,2.34,0.95,1.39,1.56,0.33,10.19
U0202,43,2.07,0.53,1.49,0.23,1.86,0.76,0.61,7.55
U0203,35,0.43,0.35,2.35,0.19,1.17,0.86,1.88,7.23
U0204,41,1.05,1.68,1.55,0.51,0.56,0.19,1.67,7.21
U0205,62,2.65,3.03,3.35,1.19,1.24,0.85,1.24,12
U0206,46,2.5,0.89,0.64,1.36,0.59,1.28,0.91,8.17
U0207,53,1.42,2.73,1.59,1.65,1.99,1.58,1.67,12
U0208,30,0.2,1.59,1.69,1.62,1.52,0.24,1.3,8.16
U0209,21,3.14,3.8,1.69,1.15,0.33,1.7,0.83,12
U0210,34,1.25,0.91,2.9,1.98,1.25,1.65,0.69,10.63
U0211,36,0.55,1.63,1.35,0.14,1.21,0.1,1.87,6.85
U0212,60,2.85,0.54,2.51,0.14,1.41,1.45,0.02,8.92
U0213,55,2.74,1.14,1.28,0.37,1.43,0.68,0.18,7.82
U0214,22,3.56,0.29,0.82,0.07,1.84,1.45,1.77,9.8
U0215,51,0.03,0.97,3.4,0.84,1.02,0.15,1.86,8.27
U0216,65,1.83,0.54,0.6,0.41,1.22,1.57,0.44,6.61
U0217,24,1.57,1.82,1.49,0.48,0.11,0.58,1.83,7.88
U0218,57,3.03,2.37,2.18,1.66,1.4,1.16,1.58,12
U0219,34,3.78,0.49,0.73,1.25,0.9,1,1.38,9.53
U0220,24,3.67,2.99,2.77,0.73,1.43,1.78,1.95,12
U0221,56,2.56,3.9,2.36,1.57,1.16,0.26,0.32,12
U0222,38,2.33,0.66,0.82,1.94,1.9,1.59,1.2,10.44
U0223,40,2.94,3.66,1.94,1.08,1.2,1.13,1.83,12
U0224,65,0.57,2.37,0.11,0.49,1.92,0.94,0.3,6.7
U0225,32,1.81,3.89,2.17,0.78,0.21,1.04,1.18,11.08
U0226,47,2.04,0.53,1.26,1.89,1.29,1.2,0.25,8.46
U0227,61,2.18,0.09,3.8,1.91,0.68,1.62,1.68,11.96
U0228,30,2.74,0.67,1.55,1.34,0.36,0.36,1.64,8.66
U0229,30,2.49,0.87,0.46,1.66,0.89,1.1,0.29,7.76
U0230,41,0.19,3.73,1.64,0.35,1.72,1.21,0.28,9.12
U0231,58,1.94,0.71,1.65,1.74,0.42,1.76,1.21,9.43
U0232,24,1.99,0.53,1.08,1.19,1.67,1.93,0.95,9.34
U0233,49,0.49,1.47,2.98,1.53,0.92,0.73,1.93,10.05
U0234,53,1.93,0.38,0.09,0.5,1.29,0.93,1.2,6.32
U0235,20,2.85,0.2,3.67,1.61,1.43,0.22,1.21,11.19
U0236,32,2.98,1.98,3.34,0.41,1.45,0.44,1.6,12
U0237,50,0.07,2.96,1.77,1.92,1.41,1.85,1.19,11.17
U0238,60,1.06,1.61,2.83,1.68,0.63,1.55,0.42,9.78
U0239,35,0.82,0.87,1.5,1,1.39,0.39,0.83,6.8
U0240,21,2.5,0.75,0.91,0.89,0.13,1.68,1.51,8.37
U0241,47,2.96,1.79,0.23,1.94,1.7,1.49,0.93,11.04
U0242,44,1.28,1.39,0.85,1.26,1.55,0.94,0.49,7.76
U0243,62,1.67,1.07,0.19,0.81,1.4,0.18,1.02,6.34
U0244,60,3.92,0.65,0.84,1.85,0.31,1.82,1.41,10.8
U0245,26,3.96,1.58,1.35,1.57,0.92,1.07,0.87,11.32
U0246,24,0.79,2.43,2.03,1.56,0.21,1.44,0.93,9.39
U0247,29,1.35,1.78,3.17,1.94,0.53,1.06,1.47,11.3
U0248,26,2.63,2.31,0.45,1.29,0.61,0.55,1.68,9.52
U0249,28,2.08,2.28,3.5,0.49,1.01,0.45,0.14,9.95
U0250,54,0.34,2.72,1.61,1.44,0.07,1.96,1.45,9.59
U0251,38,0.13,3.33,1.42,1.1,0.04,1.13,0.79,7.94
U0252,59,1.29,1.55,3.34,0.46,0.23,1.38,1.75,10
U0253,50,2.38,1.49,2.93,0.12,0.78,1.62,1.26,10.58
U0254,46,2.33,3.94,3.37,1.82,0.76,0.8,1.35,12
U0255,65,0.26,1.88,3.57,1.44,1.22,1.35,1.01,10.73
U0256,18,2.68,0.98,0.73,0.93,0.19,1.33,1.84,8.68
U0257,20,2.8,1.23,3.27,1.72,0.94,1.16,0.46,11.58
U0258,58,1.83,0.9,1.25,1.1,1.72,0.21,1.68,8.69
U0259,41,2.4,3.6,0.16,0.82,0.86,0.07,0.05,7.96
U0260,40,0.89,3.16,0.91,1.58,0.54,1.54,1.26,9.88
U0261,58,2.85,2.35,1.33,1.43,1.58,1.84,0.01,11.39
U0262,24,1.33,3.3,2.83,1.51,0.31,1.59,0.66,11.53
U0263,54,2.5,1.22,3.53,0.21,0.33,1.03,1.63,10.45
U0264,47,0.99,0.38,3.16,1.08,1.62,1.61,1.52,10.36
U0265,37,3.94,2.77,0.67,0.89,1.83,1.93,0.7,12
U0266,52,1.25,0.96,1.92,1.44,1.72,0.45,1.99,9.73
U0267,34,3.94,1.93,2.65,1.6,1.75,0.91,1.52,12
U0268,48,0.27,0.29,1.5,0.19,0.6,0.83,1.45,5.13
U0269,42,1.43,3.45,1.78,1.96,1.97,1.11,1.24,12
U0270,56,0.49,0.55,1.4,1.59,1.79,1.84,1.5,9.16
U0271,34,3.38,3.31,1,1.57,1.72,0.81,1.55,12
U0272,20,3.54,1.76,1.55,1.3,1.88,0.91,0.59,11.53
U0273,21,3.34,3.08,2.5,1.36,1.18,0.95,1.7,12
U0274,57,0.94,1.69,0.83,0.15,1.77,0.15,0.3,5.83
U0275,55,2.49,3.63,0.66,1.1,0.84,0.94,0.92,10.58
U0276,27,2,1.79,1.08,0.33,1.16,1.93,1.67,9.96
U0277,41,0.12,0.57,1.1,1.6,1.91,0.39,1.12,6.81
U0278,48,3.12,0.84,2.89,0.87,0.94,0.79,0.12,9.57
U0279,35,0.86,0.2,0.9,1.84,0.47,0.32,1.89,6.48
U0280,49,0.84,2.95,2.82,0.49,0.35,1.88,1.11,10.44
U0281,35,1.37,2.62,1.68,0.96,0.28,1.56,1.58,10.05
U0282,39,0.94,3.46,0.37,1.68,0.58,1.52,0.63,9.18
U0283,45,2.78,1.96,1.83,1.29,0.72,0.12,1.66,10.36
U0284,47,2.88,2.22,1.31,1.31,0.57,1.36,1.17,10.82
U0285,19,0.95,0.75,3.33,1.82,0.55,1.2,1.87,10.47
U0286,20,2.13,3.25,1.49,1.66,0.72,1.22,1.31,11.78
U0287,28,1.12,2.98,1.15,1.6,0.03,1.25,0.9,9.03
U0288,44,0.88,0.73,2.01,1.79,0.14,0.07,1.46,7.08
U0289,58,2.66,1.09,3.51,1.57,1.06,0.3,1.25,11.44
U0290,35,2.1,2.31,0.18,0.51,0.77,0.12,1.37,7.36
U0291,39,2.93,2.87,0.15,1.33,1.85,0.55,0.19,9.87
U0292,36,0.38,1.4,0.63,1.28,1.7,0.55,0.37,6.31
U0293,55,3.2,2.96,1.82,1.19,1.25,1.25,1.77,12
U0294,59,3.87,0.42,1.47,0.95,0.83,1.16,1.13,9.83
U0295,41,3.68,0.55,0.57,1.02,0.35,0.55,1.9,8.62
U0296,20,1.31,0.42,0.46,0.71,1.64,1.21,1.37,7.12
U0297,51,2.01,1.23,0.94,0.96,1.18,1.45,0.91,8.68
U0298,48,2.9,3.41,1.57,1.27,0.05,0.4,0.71,10.31
U0299,35,1.02,0.81,1.87,1.2,0.94,1.36,0.8,8
U0300,32,1.63,0.18,1.01,1.12,0.15,1.43,0.02,5.54
U0301,39,3.95,0.97,3.78,0.43,0.13,1.96,0.47,11.69
U0302,26,0.95,2.14,1.72,1.9,0.65,1.21,0.2,8.77
U0303,23,3.75,3.65,2.67,0.01,1.6,0.66,1.86,12
U0304,29,2,3.17,2.28,0.65,0.11,0.78,0.84,9.83
U0305,44,1.42,1.26,3.64,1.36,1.25,0.73,1.47,11.13
U0306,46,0.97,1.63,0.98,0.93,1.73,1.83,1.94,10.01
U0307,47,2.4,1.5,1.7,0.69,1.36,0.3,1.97,9.92
U0308,25,2.18,0.05,2.91,0.74,1.46,0.51,1.2,9.05
U0309,53,0.38,3.64,1.88,0.45,0.73,0.79,0.93,8.8
U0310,62,1.59,0.45,1.96,0.82,1.64,1.78,1.72,9.96
U0311,23,2.44,0.63,3.4,0.49,1.14,0.41,0.54,9.05
U0312,40,2.63,2,3.62,1.15,1.78,0.53,0.68,12
U0313,56,0.21,3.75,3.94,0.87,1.52,1.99,0.87,12
U0314,39,2.74,3.79,2.18,0.87,1.28,0.6,0.37,11.83
U0315,64,0.93,1.17,2.51,0.24,1.79,1.35,1.36,9.35
U0316,46,1.8,0.94,3.94,0.28,0.04,0.06,0.57,7.63
U0317,22,0.38,1.26,1.84,1.16,1.22,1.5,0.82,8.18
U0318,53,3.82,2.5,3.21,0.29,1.89,0.77,1.25,12
U0319,31,2.44,3.93,0.41,1.51,0.77,1.01,0.04,10.11
U0320,60,3.73,2.02,3.31,0.66,0.95,0.49,1.63,12
U0321,58,0.72,0.03,2.3,1.51,0.83,0.56,0.28,6.23
U0322,63,0.38,2.51,1.8,1.12,0.12,1.22,0.21,7.36
U0323,55,3.06,0.67,3.97,0.96,1.01,0.48,0.11,10.26
U0324,24,3.88,2.56,0.4,1.22,0.79,0.32,1.38,10.55
U0325,21,0.85,2.09,1.66,1.71,0.4,1.97,1.13,9.81
U0326,18,1.65,0.54,1.09,0.52,0.65,1.09,0.06,5.6
U0327,44,0.17,2.68,3.8,0.75,0.77,1.66,2,11.83
U0328,47,1.65,3.37,0.8,0.64,1.42,1.24,0.82,9.94
U0329,32,1.01,0.47,3.14,1.61,1.37,0.21,0.19,8
U0330,59,1.97,0.31,1.7,1.17,1.61,1.2,1.93,9.89
U0331,41,0.04,3.59,0.94,0.72,0.32,1.74,1.61,8.96
U0332,29,0.46,4,1.24,0.28,0,1.66,1.34,8.98
U0333,58,0.22,1.93,3.2,0.87,1.58,0.27,1.45,9.52
U0334,37,3.79,3.07,2.21,0.38,1.44,1.82,0.68,12
U0335,27,3.69,3.26,0.34,0.69,1.97,0.25,0.81,11.01
U0336,20,2.18,1.96,3.08,0.55,0.51,0.58,0.64,9.5
U0337,40,0.7,2.13,0.44,0.06,0.67,1.6,1.85,7.45
U0338,54,1.81,1.81,2.99,1.78,1.23,1.03,0.35,11
U0339,51,2.24,1.67,3.03,0.51,1.64,1.9,0.49,11.48
U0340,59,0.82,0.73,2.57,1.13,0.34,1.43,1.71,8.73
U0341,33,0.6,2.12,0.17,0.58,0.04,0.84,1.73,6.08
U0342,38,2.35,3,0.4,0.73,0.24,0.46,1.31,8.49
U0343,48,3.15,2.06,3.49,1.65,0.49,0.21,0.88,11.93
U0344,21,2.17,0.18,2.25,1.45,1.78,1.77,1.24,10.84
U0345,43,3.63,0.26,3.26,1.77,0.31,0.97,0.33,10.53
U0346,41,2.62,3.48,2.33,0.61,0.26,1.14,1.7,12
U0347,52,2.94,0.06,1.15,1.35,0.86,1.67,0.43,8.46
U0348,43,3.54,3.09,2.4,1.4,1.74,0.76,0.82,12
U0349,18,1.32,1.77,0.5,2,0.75,0.86,0.72,7.92
U0350,41,2.82,3.39,1.92,1.72,0.85,1.09,0.82,12
U0351,18,1.28,3.07,0.79,0.18,1.65,1.24,1.76,9.97
U0352,26,0.8,0.82,0.4,1.51,0.92,1.69,1.3,7.44
U0353,44,0.9,2.58,1.89,1.13,1.7,1.3,0.25,9.75
U0354,44,2.77,2.99,1.61,0.77,0.03,0.64,1.44,10.25
U0355,63,2.07,1.94,3.18,0.89,0.52,1.93,1.76,12
U0356,43,0.28,1.1,0.11,1.26,0.14,1.82,1.71,6.42
U0357,48,0.59,0.1,3.04,0.9,1.04,0.63,0.49,6.79
U0358,64,2.57,3.64,0.11,0.11,0.42,0.82,1.43,9.1
U0359,56,2.29,2.46,3.39,0.23,0.64,0.64,0.42,10.07
U0360,31,3.2,0.81,1.86,0.04,1.82,1.2,0.63,9.56
U0361,44,0.55,2.81,2.83,0.86,0.27,0.2,1.2,8.72
U0362,45,1.24,0.48,1.36,1.03,0.06,0.54,1.22,5.93
U0363,37,1.08,1.99,1.34,0.38,0.96,1.17,1.61,8.53
U0364,44,0.09,3.9,3.04,1.61,0.18,1.67,1.51,12
U0365,27,0.7,1.8,0.37,1.75,1.86,1.06,0.18,7.72
U0366,34,1.31,3.18,2.2,0.44,1.69,0.88,1.63,11.33
U0367,47,1.81,2.59,1.58,1.61,1.14,0.3,0.95,9.98
U0368,44,1.58,0.75,1.38,1.55,1.79,1.43,0.83,9.31
U0369,53,2.65,3.28,3.61,1.77,1.8,0.19,0.01,12
U0370,35,3.63,0.65,0.89,1.24,1.45,1.53,0.63,10.02
U0371,45,2.15,1.58,3.86,1.61,0.7,1.24,1.24,12
U0372,56,1.2,3.31,1.2,1.41,1.36,0.87,1.05,10.4
U0373,30,3.98,3.62,2.63,1.33,1.53,1.73,0.5,12
U0374,37,2.77,3.47,1.04,0.69,0.08,0.56,0.05,8.66
U0375,57,3.52,3.51,2.54,1.26,0.14,0.9,0.4,12
U0376,28,3.34,0.98,2.45,0.94,0.78,1.58,1.96,12
U0377,60,0.66,2.53,0.34,1.54,0.08,1.23,1.97,8.35
U0378,62,1.15,3.39,2.97,0.43,0.52,1.67,1.14,11.27
U0379,42,0.28,2.69,0.37,1.9,1.39,1.7,0.13,8.46
U0380,25,3.7,1.07,3.77,1.66,0.31,0.89,1.54,12
U0381,53,1.05,1.62,1.37,0.46,1.33,1.3,1.73,8.86
U0382,37,3.67,1.89,1.17,1.72,0.57,1.42,1.49,11.93
U0383,38,3.78,0.07,0.58,1.8,1.56,0.53,0.07,8.39
U0384,21,1.32,0.71,0.86,1.12,0.88,0.84,1.74,7.47
U0385,39,3.79,1.3,3.09,0.17,1.99,0.79,1.55,12
U0386,40,0.8,2.6,1.73,1.87,0.79,1.58,0.33,9.7
U0387,22,2.13,2.86,1.23,0.65,0.25,1.7,0.67,9.49
U0388,42,3.7,2.89,3.71,0.74,0.67,0.32,0.65,12
U0389,30,0.69,3.47,2.32,1.82,1.08,1.5,0.79,11.67
U0390,32,2.17,0.94,2.78,0.53,0.19,0.8,0.5,7.91
U0391,20,1.61,2.67,1.07,1.31,,1.79,1.8,10.95
U0392,45,0.93,0.04,3.77,0.55,0.92,1.55,0.01,7.77
U0393,54,1.58,1.13,0.72,1.73,1.53,1.44,1.11,9.24
U0394,43,0.35,2.36,1.87,1.44,0.64,0.96,0.05,7.67
U0395,18,3.22,3.66,3.45,1.81,1.55,1.45,0.87,12
U0396,28,1.3,0.95,0.24,0.25,1.63,0.19,1.08,5.64
U0397,43,0.18,1.32,2.46,0.46,1.8,0.64,1.99,8.85
U0398,47,1.29,0.92,1.54,1.01,1.49,0.13,1.26,7.64
U0399,64,0.89,2.73,2.06,1.1,0.32,1.53,0.79,9.42
U0400,20,2.26,3.12,3.27,1.98,1.5,1.25,0.97,12
U0401,20,1.97,0.91,3.36,1.56,0.29,0.29,1.47,9.85
U0402,22,2.12,1.61,0.75,0.87,0.04,1.72,1.34,8.45
U0403,49,3.99,3.47,0.31,0.71,0.2,0.98,0.26,9.92
U0404,51,1.03,0.43,1.16,1,1.33,1.15,1.17,7.27
U0405,34,2.06,1.95,1.11,1.45,0.87,1.75,0.33,9.52
U0406,52,0.53,1.63,3.77,0.76,1.76,0.9,0.2,9.55
U0407,62,2.05,1.69,1.06,0.94,0.08,1.59,1.52,8.93
U0408,53,1.81,3.32,3.4,1.86,0.61,1.03,1.91,12
U0409,32,0.78,3.04,0.64,1.4,0.21,1.01,0.72,7.8
U0410,26,2.96,2.74,3.4,0.21,0.1,1.75,0.14,11.3
U0411,40,0.46,1.7,2.76,0.51,0.33,1.17,1.83,8.76
U0412,30,2.06,2.79,3.73,1.33,0.63,1.49,0.19,12
U0413,26,0.99,2.84,2.28,0.26,,1.56,1.05,9.3
U0414,20,1.83,0.71,3.36,1.31,0.16,1.32,0.99,9.68
U0415,18,1.9,2.76,3.89,0.37,1.51,0.56,0.85,11.84
U0416,50,3.99,0.75,2.88,0.96,1.62,1.24,1.79,12
U0417,34,1.47,0.47,3.91,0.34,0.44,0.63,0.36,7.62
U0418,36,1.49,2.07,0.18,1.15,1.79,0.89,0.13,7.7
U0419,46,1.59,1.67,0.25,0.95,0.25,0.46,1.06,6.23
U0420,22,1.65,2.33,4,0.6,0.35,0.16,1.04,10.13
U0421,52,3.87,2.06,2.15,1.82,1.49,1.27,1.14,12
U0422,39,1.87,0.91,0.66,0.58,1.61,0.91,1,7.54
U0423,19,3.87,1.9,2.47,0.68,1.54,1.52,1.21,12
U0424,25,3.98,2.4,1.29,1.8,1.06,0.74,1.35,12
U0425,48,3.83,2.71,1.11,1.01,1.1,0.8,1.66,12
U0426,45,1.85,0.42,0.38,0.01,0.05,1.02,0.62,4.35
U0427,42,1.77,0.97,0.53,0.62,0.09,0.01,1.44,5.43
U0428,26,3.65,0.59,3.31,0.67,0.56,0.83,1.75,11.36
U0429,33,2.15,3.08,1.66,1.96,1.42,1.66,0.87,12
U0430,54,1.54,0.06,2.6,0.89,0.67,0,1.96,7.72
U0431,57,3.31,2.4,2.16,1.9,1.12,1.18,0.93,12
U0432,63,0.26,3.11,0.47,1.7,0.1,1.04,1.06,7.74
U0433,26,2.48,1.99,0.33,0.86,0.27,0.08,1.55,7.56
U0434,30,1.83,3.94,0.92,1.19,0.44,1.43,0.04,9.79
U0435,62,2.72,1.7,1.81,0.93,1.04,0.66,1.37,10.23
U0436,23,3.6,1.43,0.4,0.64,2,1.97,1.43,11.47
U0437,43,3.7,2.19,2.34,0.73,1.21,0.75,0.64,11.56
U0438,58,3.54,0.93,1.59,1.99,0.18,0.69,0.05,8.97
U0439,26,0.88,3.8,3.93,0.74,0.7,1.38,1.98,12
U0440,27,2.47,1.45,2.06,1.02,0.14,1.17,1.48,9.79
U0441,23,,2.13,0.35,1.24,0.17,1.58,1.43,8.95
U0442,29,1.34,2.69,1.81,1.79,0.28,1.78,1.8,11.49
U0443,33,1.59,1.66,0.87,0.96,1.76,1.68,1.63,10.15
U0444,43,3.46,0.94,0.81,1.99,0.14,0.69,0.56,8.59
U0445,38,0.92,2.71,1.33,0.51,0.5,1.16,1.51,8.64
U0446,19,2.95,3.16,1.04,1.36,1.72,1.47,0.85,12
U0447,30,2.19,0.84,0.4,0.66,1.09,0.52,1.57,7.27
U0448,46,0.18,2.49,3.33,0.85,1.09,1.05,0.04,9.03
U0449,44,3.51,2.82,2.94,0.19,0.62,0.11,1.42,11.61
U0450,26,1.45,1.29,3.78,0.42,0.54,1.5,1.83,10.81
U0451,30,2.12,1.89,2.46,0.91,1.71,0.97,0.31,10.37
U0452,61,3.69,0.7,0.05,1.49,1.02,1.03,0.2,8.18
U0453,65,3.06,0.77,0.95,1.27,0.16,0.82,0.97,8
U0454,31,3.75,1.49,0.08,0.32,0,0.31,0.06,6.01
U0455,34,0.88,3.12,0.82,0.67,0.98,0.51,0.46,7.44
U0456,55,0.57,2.8,3.19,0.38,0.64,0.43,1.37,9.38
U0457,41,2.15,1.4,0.35,1.12,0.13,0.39,0.88,6.42
U0458,35,2.26,2.91,0.22,0.97,1.29,0.82,0.29,8.76
U0459,34,1.75,1.35,1.87,0.58,1.04,1.38,1.58,9.55
U0460,47,0.4,0.8,2.37,1.96,1.84,1.22,0.17,8.76
U0461,42,0.34,2.64,2.77,1.49,0.26,1.52,0.39,9.41
U0462,44,1.17,3.88,2.41,1.32,0.85,0.69,0.7,11.02
U0463,40,0.26,0.34,1.05,1.2,1.78,1.05,0.5,6.18
U0464,44,3.45,3.98,0.67,1.35,1.24,0.3,1.96,12
U0465,53,0.82,3.65,3.55,1.9,0.7,1.27,0.03,11.92
U0466,55,3.32,0.73,1.39,0.51,1.54,1.42,0.25,9.16
U0467,55,1.64,2.4,3.69,1.8,1.26,0.92,0.41,12
U0468,32,3.98,2.47,3.44,0.72,0.06,0.98,1.89,12
U0469,46,3.96,1.13,0.96,0.53,0.22,1.67,0.26,8.73
U0470,63,2.18,0.21,2.47,1.16,0.78,1.57,1.34,9.71
U0471,47,2.36,2.84,3.25,0.13,1.54,0.42,1.57,12
U0472,35,0.94,0.55,2.87,1.11,1.14,0.6,1.57,8.78
U0473,22,0.67,3.73,2.23,1.05,0.58,1.35,1.9,11.51
U0474,48,2.16,0.68,2.71,0.85,1.7,0.92,1.81,10.83
U0475,19,0.95,3.63,2.29,0.75,1.5,1.14,1.88,12
U0476,24,2.89,3.11,2.11,1.21,1.36,1.32,0.96,12
U0477,36,2.98,3.61,1.49,1.09,1.4,1.19,0.31,12
U0478,46,1.88,1.7,1.58,2,1.37,0.36,1.05,9.94
U0479,26,3.55,3.93,0.59,0.64,1.66,0.24,1.33,11.94
U0480,39,2.36,2.66,3.08,0.17,1.49,0.01,1.78,11.55
U0481,53,3.38,3.07,3.31,0.05,1.47,1.67,1.55,12
U0482,23,0.85,1.77,3.45,0.73,0.03,0.42,1.84,9.09
U0483,35,0.02,0.05,0.69,1.58,0.8,0.34,1.91,5.39
U0484,35,0.54,3.79,1.09,1.04,0.57,0.43,0.78,8.24
U0485,33,2.58,2.29,3.21,1.81,0.79,1.1,0.49,12
U0486,38,0.18,1.28,0.07,0.77,1.73,1.36,0.47,5.86
U0487,64,2.4,0.52,0.9,0.62,0.7,1.9,1.28,8.32
U0488,20,3.62,1.36,4,1.77,0.91,0.2,1.06,12
U0489,35,2.57,0.37,3.56,1.79,1.37,0.52,0.29,10.47
U0490,35,2.28,0.68,2.36,1.27,1,1.55,1.21,10.35
U0491,34,0.78,1.29,2.5,1.82,1.74,0.79,0.07,8.99
U0492,52,3.15,2.59,0.64,0.53,1.92,1.14,0.18,10.15
U0493,43,3.18,3.11,0.67,0.22,1.08,0.25,1.61,10.12
U0494,23,1.79,0.38,2.9,0.58,1.47,1.88,1.71,10.71
U0495,39,2.95,2.23,1.42,0.31,0.69,1.42,1.49,10.51
U0496,36,3.67,3.09,3.36,0.83,0.37,0.05,1.22,12
U0497,62,3.59,2.23,1.65,0.32,0.36,0.42,0.48,9.05
U0498,31,2.84,1.74,1.79,0.04,1.06,1.61,0.4,9.48
U0499,62,2.88,3.45,2.71,1.15,0.46,0.89,0.53,12
U0500,30,1.75,3.63,0.53,0.37,0.04,1.58,0.28,8.18
U0501,44,3.89,2.39,1.86,0.5,0.07,1.42,0.57,10.7
U0502,22,2.77,3.72,0.56,0.05,0.14,1.7,0.79,9.73
U0503,39,1.8,3.34,3.8,1.98,1.77,1.68,1.11,12
U0504,55,2.06,3.97,1.52,0.46,1.91,0.56,1.12,11.6
U0505,25,0.52,2.49,3.82,1.35,1.8,1.15,1.56,12
U0506,30,3.07,3.6,0.57,0.81,0.48,1.65,1.2,11.38
U0507,60,2.39,0.7,0.71,0.65,0.08,1.14,0.31,5.98
U0508,55,3.67,1.31,2.66,1.9,0.55,1,1.02,12
U0509,56,1.88,3.69,1.68,0.3,0.02,1.49,1.05,10.11
U0510,54,1.78,3.72,1.79,1.29,1.69,1.97,1.37,12
U0511,51,2.07,1.76,3.14,0.49,1.89,1.61,1.97,12
U0512,33,3.61,1.69,2.25,1.85,1.89,1.68,1.32,12
U0513,45,1.42,0.53,2.48,0.03,0.95,0.2,0.71,6.32
U0514,60,3.36,0.85,1.4,0.55,0.67,0.18,1.33,8.34
U0515,65,3.16,3.9,2.24,1.09,0.05,0.46,1.56,12
U0516,52,3.8,1.48,0.74,0.53,1.79,1.63,0.62,10.59
U0517,35,1.61,2.18,0.42,1.47,1.46,1.37,0.77,9.28
U0518,58,3.54,1.16,3.37,1.92,0.29,1.04,0.99,12
U0519,43,2.4,3.62,2.97,1.44,1.42,1.7,1.63,12
U0520,58,3.69,0.26,2.66,0.68,1.67,1.81,0.34,11.11
U0521,19,0.72,1.96,1.54,0.7,1.71,0.85,0.55,8.03
U0522,38,0.19,0.91,,1.02,1.04,0.6,1.46,5.53
U0523,46,1.65,0.85,0.64,0.48,0.44,0.42,1.01,5.49
U0524,48,0.13,3.13,2.89,0.93,0.86,1.67,1.63,11.24
U0525,47,2.89,0.24,3.16,1.19,1.89,1.51,0.64,11.52
U0526,21,2.73,0.99,2.36,0.49,0.21,1.95,0.86,9.59
U0527,62,2.88,1.96,3.59,1.86,0.59,1.46,0.65,12
U0528,30,2.16,1.67,3.88,1.73,0.39,0.2,0.32,10.35
U0529,29,2.06,0.71,2.6,0.96,1.25,0.67,0.08,8.33
U0530,57,1.13,1.42,0.34,0.59,1.49,1.74,1.58,8.29
U0531,64,1.78,3.29,0.07,1.33,0.93,0.18,1.48,9.06
U0532,35,2.32,0.26,1.53,0.36,0.53,1.91,0.45,7.36
U0533,29,2.57,1.1,2.85,1.16,1.65,1.96,1.99,12
U0534,53,3.73,0.42,3.55,0.69,0.1,0.4,0.63,9.52
U0535,40,3.65,0.24,0.81,1.05,0.29,0.94,1.62,8.6
U0536,46,0.4,2.28,3.54,0.1,1.95,0.32,0.69,9.28
U0537,18,2.57,1.14,2.78,1.28,1.99,0.12,0.82,10.7
U0538,33,2.17,0.39,2.15,0.48,0.43,0.22,0.26,6.1
U0539,29,3.88,2.84,0.23,0.1,1.33,0.72,1.93,11.03
U0540,44,1.22,3,0.77,0.76,1.19,0.2,0.05,7.19
U0541,59,0.07,0.31,3.37,1.53,1.75,1.95,0.95,9.93
U0542,28,0.36,3.08,0.52,0.2,0.21,1.15,1.73,7.25
U0543,35,3.34,3.87,0.12,0.26,0.95,0.05,1.52,10.11
U0544,50,1.59,0.5,0.92,1.45,0.15,0.33,0.82,5.76
U0545,57,2.52,2.86,2.3,0.97,1.25,1.63,0.44,11.97
U0546,58,1.96,0.78,2.69,1.38,0.51,1.13,1.31,9.76
U0547,48,2.1,1.22,0.76,1.78,0.56,0.88,1.53,8.83
U0548,37,2.95,3.26,2.19,0.65,0.87,1.69,1.66,12
U0549,26,0.85,3.71,0.45,0.1,1.08,0.22,0.2,6.61
U0550,31,1.44,1.65,1.28,0.76,1.8,0.49,1.58,9
U0551,64,1.7,0.66,0.76,0.67,1.67,1.75,1.29,8.5
U0552,31,2.57,3.47,0.15,1.76,0.15,0.47,0.43,9
U0553,63,3.93,0.99,3.12,0.66,0.03,1.25,1.23,11.21
U0554,57,2.45,1.22,1.64,0.59,1.29,1.58,0.39,9.16
U0555,30,3.75,0.54,0.36,1.29,1.81,0.8,1.8,10.35
U0556,64,0.07,3.08,2.94,0.93,0.68,0.37,1.26,9.33
U0557,56,0.83,2.62,1.59,0.33,0.51,1.64,1.32,8.84
U0558,42,0.46,3.18,0.32,0.83,1.33,0.21,0.55,6.88
U0559,38,1.84,1.69,0.02,1.98,0.33,1.56,0.82,8.24
U0560,27,1.6,3.48,3.85,0.15,1.26,1.58,1.58,12
U0561,47,0.89,1,0.47,0.69,1.2,0.55,0.79,5.59
U0562,35,3.86,0.92,0.86,0.42,0.49,0.07,1.05,7.67
U0563,33,2.8,2.61,1.54,1.08,1.84,0.71,1.34,11.92
U0564,57,2.76,0.03,3.78,1.1,1.28,0.35,0.91,10.21
U0565,38,3.73,0.14,0.14,1.23,1.95,1.46,0.54,9.19
U0566,47,2.87,1.5,1.69,1.74,1.3,1.34,1.26,11.7
U0567,48,3.47,2.99,2.99,0.13,1.87,0.39,1.57,12
U0568,46,3.52,3.83,2.89,0.76,1.13,0.93,0.07,12
U0569,52,0.21,1.03,3.85,0.9,1.08,1.43,1.99,10.49
U0570,27,1.89,0.51,2.38,1.53,1.89,0.55,1.16,9.91
U0571,24,0.43,1.73,2.48,0.32,1.86,1.1,1.09,9.01
U0572,45,2.26,1.93,3.77,1.19,1.83,0.09,0.64,11.71
U0573,18,0.96,3.6,1.17,1.67,0.65,0.82,1.55,10.42
U0574,65,3.67,3.43,3.26,0.77,0.69,0.51,1.58,12
U0575,38,2.43,1.57,2.3,1.91,0.54,0.76,1.21,10.72
U0576,29,3.04,3.74,0.31,0,0.79,0.01,0.01,7.9
U0577,44,1.11,0.22,0.36,1.54,1.68,1.27,0.83,7.01
U0578,64,2.56,2.34,3,1.89,1.88,1.6,1.79,12
U0579,39,1.28,1.36,0.47,1.23,1.53,1.49,1.17,8.53
U0580,59,0.76,2.17,3.72,0.09,0.35,1.64,1.58,10.31
U0581,37,0.14,3.88,3.7,1.07,1.54,1.61,1.63,12
U0582,56,1.1,0.06,3.44,0.16,0.25,1.78,0.85,7.64
U0583,32,0.22,2.2,3.19,1.53,1.47,0.44,0.57,9.62
U0584,63,2.86,1.95,0.45,0.39,1.58,1.13,1.72,10.08
U0585,30,1.88,0.66,3.21,0.69,1.52,1.79,0.56,10.31
U0586,27,2.35,3.17,2.91,1.65,0.73,0.66,0.05,11.52
U0587,54,2.23,1.24,0.35,1.73,1.51,0.37,1.36,8.79
U0588,30,3.08,3.4,0.32,1.86,1.84,0.28,0.68,
U0589,62,2.39,1.26,2.09,0.55,0.78,1.55,1.09,9.71
U0590,25,3.78,1.1,3.08,0.09,0.32,0.75,1.4,10.52
U0591,46,1.73,1.11,2.19,1.9,0.24,1.75,1.3,10.22
U0592,50,1.34,1.59,0.34,0.99,1.93,1.49,1.87,9.55
U0593,48,3.4,1.14,3.91,0.36,0.37,1.26,1.87,12
U0594,54,1.62,1.62,1.64,1.87,1.53,1.09,1.96,11.33
U0595,60,2.96,,1.81,1,1.25,0.66,1.17,9
U0596,28,1.28,2.63,3.14,0.53,0.19,1.48,0.3,9.55
U0597,43,2.42,1.17,0.49,1.61,0.29,0.77,1.26,8.01
U0598,22,1.21,3.54,1.77,1.19,0.56,0.84,1.37,10.48
U0599,33,3.81,0.38,2.24,0.25,1.09,0.04,0.45,8.26
U0600,30,2.6,1.73,3.27,1.03,0.44,0.72,0.88,10.67
U0601,53,3.66,1.12,2.31,0.31,1.26,0.29,0.26,9.21
U0602,63,0.73,1.51,0.72,1.69,0.75,1.11,0.84,7.35
U0603,49,2.21,3.96,3.62,1.59,0.6,0.68,0.45,12
U0604,60,2.21,2.4,2.07,1.16,1.23,1.79,2,12
U0605,19,0.03,3.93,2.25,1.78,1.52,1.45,1.33,12
U0606,23,1.99,2.26,3.17,1.74,0.14,1.13,0.3,10.73
U0607,37,1.11,1.31,2.22,1.55,1.38,0.67,1.96,10.2
U0608,49,2.54,2.09,3.4,1.11,1.03,1.51,0.31,11.99
U0609,58,3.6,2.81,0.23,0.76,1.53,0.78,1.22,10.93
U0610,52,3.07,0.75,2.02,0.46,0.02,1.97,0.87,9.16
U0611,60,1.25,3.82,2.96,0.29,0.63,0.88,1.12,10.95
U0612,52,2.02,2.14,3.83,1.74,1.12,1.78,1.22,12
U0613,39,2.07,0.17,1.37,1.3,0.26,1.03,0.25,6.45
U0614,35,0.92,1.15,2.49,1.49,1.81,0.74,0.81,9.41
U0615,41,2.56,1.18,2.75,0.13,0.18,1.7,0.29,8.79
U0616,54,0.87,3.09,1.68,0.52,0.34,0.9,0.34,7.74
U0617,49,2.76,2.58,3.42,0.44,0.99,1.59,1.02,12
U0618,53,1.54,2.96,3.61,1.15,0.31,0.37,0.14,10.08
U0619,19,3.69,0.53,2.37,0.55,1.17,0.32,0.3,8.93
U0620,43,0.41,3.67,2.12,1.47,1.99,1.07,1.01,11.74
U0621,24,2.27,1.64,3.85,0.71,0.38,0.03,1.42,10.3
U0622,36,3.22,1.3,2.24,0.83,1.08,1.65,1.76,12
U0623,18,0.22,1.68,0.85,1.26,0.43,0.97,1.1,6.51
U0624,49,0.29,3.33,3.05,1.73,1.64,1.2,0.44,11.68
U0625,44,2.84,2.09,2.9,1.12,1.26,1.2,1.51,12
U0626,60,3.45,1.59,1.35,1.03,1.42,0.61,1.09,10.54
U0627,38,3.93,1.31,2.57,1.04,1.67,1.11,0.26,11.89
U0628,23,1.82,3.63,3.16,0.22,0.56,0.15,0.83,10.37
U0629,50,2.71,1.13,2.16,0.9,0.48,1.95,1.94,11.27
U0630,58,0.96,3.83,2.73,0.93,1.83,1.77,1.63,12
U0631,22,0.29,1.9,3.68,0.83,1.44,0.96,1.31,10.41
U0632,49,1.97,2.03,3.5,0.04,0.32,0.26,1.17,9.29
U0633,28,2.52,0.41,0.02,1.44,0.62,1.49,1.02,7.52
U0634,44,3.84,1.28,3.37,0.72,0.61,1.87,1.86,12
U0635,34,3.82,1.14,3.78,1.81,1.93,1.73,1.14,12
U0636,46,1.62,2.34,0.77,1.21,1.09,0.24,0.75,8.02
U0637,56,2.78,1.58,0.45,1.51,1.23,0.78,0.68,9.01
U0638,40,2.33,0.05,0.01,0.44,1.26,1.24,1.92,7.25
U0639,48,2.36,0.36,3.69,1.53,0.46,1.62,0.13,10.15
U0640,24,2.26,1,2.81,1.69,1.87,0.53,0.36,10.52
U0641,59,3.53,3.01,3.24,0.41,1.37,0.83,1.72,12
U0642,46,3.65,3.89,3.46,0.77,1.75,0.18,0.06,12
U0643,59,0.42,0.81,2.08,0.13,1.76,1.8,1.13,8.13
U0644,47,0.86,3.95,2.53,0.75,0.44,0.94,1.58,11.05
U0645,27,0.65,0.88,3.38,1.32,1.38,0.95,1.28,9.84
U0646,27,1.66,2.65,1.21,1.5,1.73,0.98,0.73,10.46
U0647,62,1.84,1.43,2.09,0.09,1.73,0.31,1.33,8.82
U0648,30,3.47,1.7,2.57,1.88,0.97,1.28,1.86,12
U0649,38,1.78,0.24,3.82,0.5,1.83,1.51,0.36,10.04
U0650,62,3.89,0.02,1.6,1.11,0.09,1.4,1.4,9.51
U0651,54,0.52,1.66,3.93,0.32,1.68,0.57,1.2,9.88
U0652,43,1.49,0.23,2.66,1.05,1.22,0.37,0.42,7.44
U0653,35,0.45,0.86,3.79,1.45,1.88,1.31,1.49,11.23
U0654,41,3.09,2.11,3.57,1.73,1.49,1.1,0.76,12
U0655,18,1.93,2.09,3.08,1.6,0.46,0.98,1.61,11.75
U0656,47,1.75,1.04,1.95,0.25,1.09,1.62,0.35,8.05
U0657,59,1.94,2.64,0.09,0.89,0.15,0.26,0.6,6.57
U0658,42,3.84,1.53,0.64,0.55,1.59,0.8,1.58,10.53
U0659,60,3.37,1.33,2.06,0.56,1.14,0.78,0.27,9.51
U0660,30,0.23,2.3,0.91,0.17,0.74,0.85,1.28,6.48
U0661,40,0.64,0.17,3.37,1.17,0.19,1.78,0.46,7.78
U0662,19,1.17,1.42,3.04,0.95,1.01,1.77,1.95,11.31
U0663,30,1.16,2.82,2.73,1.41,1.9,1.66,0.54,12
U0664,18,0.55,1.44,0.25,0.92,1.93,1.48,1.64,8.21
U0665,24,0.54,0.08,0.37,1.82,0.29,1.52,1.3,5.92
U0666,34,3.93,3.31,0.59,0.07,0.58,1.38,0.3,10.16
U0667,30,2.53,0.87,1.22,1.5,0,1.52,0.57,8.21
U0668,50,0.61,1.2,2.09,1,0.48,0.27,1.56,7.21
U0669,29,3.56,1.71,2.79,0.58,1.07,1.38,0.27,11.36
U0670,27,1.27,1.46,3.58,0.18,0.97,0.58,1.47,9.51
U0671,20,2.36,0.25,2.12,0.85,0.66,1.12,0.17,7.53
U0672,41,0.2,3.44,2.01,0.72,0.5,0.26,0.93,8.06
U0673,41,3.69,0.53,0.39,1.92,0.73,0.09,1.95,9.3
U0674,34,2.82,2.61,1.66,0.58,0.02,0.43,0.71,8.83
U0675,52,2.32,3.17,0.14,1.53,0.05,0.89,1.96,10.06
U0676,20,1.8,3.05,1.08,0.52,1.33,0.59,0.77,9.14
U0677,48,3.9,3.42,3.55,0.5,1.26,1.58,0.12,12
U0678,44,3.33,1.86,2.8,0.89,1.78,1.11,0.26,12
U0679,36,3.37,0.27,0.21,0.12,1.47,0.96,1.26,7.66
U0680,33,0.01,1.29,2.58,1.49,0.22,1.66,0.76,8.01
U0681,42,0.34,1.97,2.85,1.57,1.09,1.33,1,10.15
U0682,46,1.8,3.75,2.91,1.03,0.06,1.98,1.81,12
U0683,55,3.28,1.24,3.13,1.1,0.39,1.06,0.38,10.58
U0684,32,2.95,3.19,1.16,1.22,0.04,0.47,1.83,10.86
U0685,52,0.79,2.16,2.22,1.46,1.28,1.31,0.42,9.64
U0686,18,0.56,2.93,3.24,1.19,1.92,1.16,0.99,11.99
U0687,34,3.64,2.38,2.71,0.17,1.1,0.81,0.61,11.42
U0688,51,0.34,0.28,0.87,0.2,1.47,0.15,1.19,4.5
U0689,24,3.19,0.24,3.3,0.61,1.53,1.23,0.72,10.82
U0690,18,1.08,2.44,1.17,1.74,1.38,1.8,0.73,10.34
U0691,64,3.61,1.08,2.66,1.52,1,0.65,1.96,12
U0692,47,1.88,3.9,0.13,1.66,1.76,1.74,1.56,12
U0693,56,1.12,0.61,1.25,1.43,0.04,0.84,1.02,6.31
U0694,51,1.95,0.53,3.37,0.27,1.56,0.81,1.92,10.41
U0695,62,3.16,3.35,2.49,1.8,1.13,0.82,1.71,12
U0696,35,0.46,0.94,1.32,1.98,0.9,1.47,0.83,7.9
U0697,43,2.98,0.35,3.85,0.29,1.14,0.49,1.28,10.38
U0698,37,1.99,2.92,2.8,1.84,1.37,0.42,0.41,11.75
U0699,43,3.82,0.45,0.54,1.36,1.99,0.03,1.19,9.38
U0700,40,2.65,1.25,1.65,0.64,1.47,0.64,1.76,10.06
U0701,52,1.82,2.11,2.8,0,0.74,1.11,0.28,8.86
U0702,60,3.1,2.12,1.24,1.12,1.57,0.69,0.22,10.06
U0703,29,3.41,1.49,2.59,1.91,0.64,1.51,1.06,12
U0704,56,3.44,3.23,2.32,0.36,0.32,1.19,0.74,11.6
U0705,19,3.95,0.25,2.48,1.76,0.67,0.79,0.68,10.58
U0706,28,1.32,0.63,0.33,0.46,0.86,0.41,0.53,4.54
U0707,31,3.92,3.74,3.39,1.99,0.71,1.37,1.56,12
U0708,34,2.32,1.38,0.15,0,1.11,1.97,1.52,8.45
U0709,33,3.1,0.36,2.11,1.7,1.53,0.15,0.85,9.8
U0710,45,0.46,3.85,0.54,1.54,1.89,0.35,1.18,9.81
U0711,21,2.84,0.84,0.4,1.37,1.19,1.48,0.14,8.26
U0712,21,2.16,3.33,0.97,1.36,0.3,1.31,1.71,11.14
U0713,20,1.67,3.89,3.22,0.32,1.75,1.07,1.34,12
U0714,38,3.07,3.55,1.93,1.08,1.62,0.54,1.18,12
U0715,54,0.21,1.48,1.34,0.71,1.21,1.88,0.74,7.57
U0716,59,3.77,1.37,1.47,1.15,0.7,1.27,1.37,11.1
U0717,27,3.85,2.74,1.6,1.7,1.12,0.35,1.27,12
U0718,62,1.02,0.87,2.21,1.11,0.16,0.24,1.04,6.65
U0719,47,3.49,2.8,0.84,1.58,1.12,1.56,0.14,11.53
U0720,31,1.89,2.31,0.93,1.82,0.87,1.16,1.22,10.2
U0721,26,3.49,2.82,2.45,0.19,0.12,0.3,1.32,10.69
U0722,18,2.81,1.34,3.4,0.85,0.09,0.59,0.99,10.07
U0723,61,3.53,1.19,1.51,0.71,1.79,0.4,1.97,11.1
U0724,34,1.71,1.38,1.04,1.47,1.37,1.09,0.56,8.62
U0725,54,3.76,0.96,3.38,0.95,1.68,0.61,0.6,11.94
U0726,44,0.32,3.79,2.36,0.11,0.74,1.87,1.12,10.31
U0727,22,1.32,2.14,1.52,1.89,0.52,1.45,1.73,10.57
U0728,41,3.07,1.75,1.67,1.87,1.64,0.48,1.97,12
U0729,34,0.73,3.61,0.81,1.52,1.96,0.52,1.99,11.14
U0730,62,3.8,0.71,1.79,0.53,1.79,1.02,0.66,10.3
U0731,56,1.47,1.69,1.6,0.58,1.5,0.38,0.9,8.12
U0732,25,2.4,0.4,3.63,1.01,0.63,0.33,1.52,9.92
U0733,29,0.84,1.91,0.95,1.26,1.24,0.49,1.96,8.65
U0734,33,3.15,2.96,3.25,1.78,1.06,1.76,0.76,12
U0735,40,3.58,2.66,3.78,1.19,0.18,1.16,1.59,12
U0736,51,1.84,0.19,0.94,1.85,1.67,1.85,1.2,9.54
U0737,61,3.47,1.07,3.94,0.67,0.36,0.13,0.69,10.33
U0738,46,2.64,1.8,2.25,1.73,0.93,0.33,0.79,10.47
U0739,31,0.14,,2.47,1.89,0.36,0.77,1.76,11
U0740,51,0.98,1.23,0.76,1.56,0.2,0.75,0.77,6.25
U0741,54,3.25,3.05,2.43,0.53,1.99,1.25,0.17,12
U0742,39,3.48,2.19,3.92,0.35,1.84,0.66,1.25,12
U0743,55,1.23,2.82,0.79,1.65,1.19,0.41,0.78,8.87
U0744,35,3.68,0.06,2.33,1.6,1.96,0.03,0.5,10.16
U0745,50,0.08,1.66,1.57,1.4,1.79,1.8,0.19,8.49
U0746,55,2.24,3.27,1.91,1.12,0.99,0.2,0.2,9.93
U0747,43,3.79,2.89,2.13,1.09,0.83,0.42,1.27,12
U0748,22,1.82,2.51,1.19,0.45,1.02,1.48,1.05,9.52
U0749,36,1.19,1.48,3.14,0.26,1.58,1.96,1.68,11.29
U0750,25,0.04,2.25,2.7,0.5,1.66,1.07,0.58,8.8
U0751,49,2.18,0.01,2.38,0.5,0.88,0.72,0.61,7.28
U0752,29,1.43,1.12,2.2,1.91,0.91,0.43,1.52,9.52
U0753,44,1.07,0.11,0.56,0.94,1.57,0,1.5,5.75
U0754,37,2.74,2.15,0.14,1.98,,0.84,0.5,10.06
U0755,59,1.31,1.14,2.2,0.25,1.69,0.43,0.81,7.83
U0756,60,2.81,2.69,1.69,1.28,1.47,0.56,0.62,11.12
U0757,34,3.26,3.93,0.11,0.95,0.69,0.09,0.32,9.35
U0758,46,0.63,2.96,0.33,0.61,1.44,0.02,0.2,6.19
U0759,25,3.15,3.8,0.9,1.42,0.35,1.75,1.73,12
U0760,24,2.06,3.04,2.15,0.19,1.1,1.24,0.6,10.38
U0761,35,1.44,3.85,3.69,0.01,0.02,0.22,2,11.23
U0762,52,0.53,2.53,0.61,0.32,0.43,0.78,0.91,6.11
U0763,61,2.91,1.03,0.36,0.61,1.37,0.24,1.34,7.86
U0764,59,1.84,1.35,0.06,1.85,0.1,0.55,0.35,6.1
U0765,35,1.68,0.04,0.24,1.38,0.7,0.57,1.91,6.52
U0766,59,2.32,2.78,3.49,1.01,1.3,1.8,1.07,12
U0767,24,0.97,2.01,2,1.18,0.93,1.19,0.31,8.59
U0768,50,1.9,1.19,1.9,0.93,0.48,0.24,0.77,7.41
U0769,19,2.13,2.6,2.27,0.16,0.39,0.44,0.72,8.71
U0770,32,3.97,1.67,0.25,1.87,1.21,1.99,0.58,11.54
U0771,47,2.86,3.6,1.37,1.07,1.93,1.12,0.83,12
U0772,39,0.97,1.5,3.43,1.18,1.96,0.91,1.51,11.46
U0773,23,0.76,0.13,1.17,1.41,1.34,1.25,1.75,7.81
U0774,26,3.68,0.91,2,1.92,1.43,0.4,0.65,10.99
U0775,51,2.29,1.74,1.7,0.76,0.35,0.13,1.28,8.25
U0776,59,1.03,0.78,0.46,1.21,1.75,1.21,0.6,7.04
U0777,21,0.13,2.11,1.52,1.66,0.39,0.32,1.2,7.33
U0778,52,3.92,2.74,0.8,1.83,0.57,1.62,0.38,11.86
U0779,49,0.63,2.82,2.57,1.52,0.11,0.14,1.33,9.12
U0780,50,4,0.2,0.79,0.39,1.69,1.79,1.08,9.94
U0781,36,3.39,3.47,1.44,1.21,1.58,1.33,0.42,12
U0782,55,0.44,3.35,4,0.07,0.76,1.47,1.96,12
U0783,38,2.88,3.79,1.58,0.87,1.57,0.24,0.11,11.04
U0784,30,1.79,1.53,2.76,0.5,0.97,0.01,0.61,8.17
U0785,29,0.03,1.8,0.66,0.97,0.59,0.13,1.18,5.36
U0786,21,0.75,0.47,2.7,0.84,1.27,0.22,1.23,7.48
U0787,20,1.27,1.14,2.26,1.67,0.55,1.84,0.18,8.91
U0788,37,3.56,2.19,1.37,1.77,1.59,1.55,1.95,12
U0789,26,0.42,1.17,2.13,0.71,0.47,1.13,0.19,6.22
U0790,59,1.1,3.07,0.43,1.46,0.8,1.45,0.8,9.11
U0791,51,0.61,0.78,3.28,1.51,0.18,1.17,0.83,8.36
U0792,20,3.61,2.42,1.7,1.08,0.06,1.78,1.95,12
U0793,45,3.94,0.6,1.48,1.11,1.46,0.65,0.32,9.56
U0794,45,3.63,1.69,3.32,0.59,1.17,0.81,1.58,12
U0795,54,0.92,3.71,2.27,1.84,1.06,1.99,0.92,12
U0796,18,2.31,0.91,1.43,0.01,1.3,1,0.28,7.24
U0797,49,2.34,3.98,0.03,1.7,1.49,1.24,1.63,12
U0798,65,0.67,0.1,1.9,0.19,0.5,1.1,1.45,5.91
U0799,61,1.08,1.51,3.26,0.22,0.97,1.78,1.96,10.78
U0800,64,0.65,2.52,3.06,1.57,1.35,0.25,0.69,10.09
U0801,30,1.4,0.05,1.98,1.31,0.52,1.08,0.03,6.37
U0802,24,1.99,2.83,3.32,1.27,0.47,0.28,1.78,11.94
U0803,27,3.5,1.69,1.31,1.25,0.42,1.66,1.38,11.21
U0804,50,0.93,2.58,1.43,1.96,1.56,1.25,0.74,10.45
U0805,48,1.23,3.65,3.33,1.8,1.66,0.05,0.46,12
U0806,20,2.3,1.72,3.87,0.17,0.55,0.68,1.52,10.81
U0807,33,2.24,2.67,2.9,0.6,0.64,1.49,0.52,11.06
U0808,31,1.01,3.22,3.6,1.96,0.31,1.22,0.2,11.52
U0809,52,2.46,0.26,0.59,1.83,1.06,1.43,0.2,7.83
U0810,24,2.87,0.07,3.12,0.93,1.46,0.09,0.34,8.88
U0811,42,0.47,0.74,1.66,1.37,1.83,1.75,0.26,8.08
U0812,55,3.79,0.43,0.57,1.35,1.52,0.98,1.98,10.62
U0813,37,1.79,2.29,0.77,1.19,0.36,0.48,0.19,7.07
U0814,25,2.14,2.16,3.69,1.78,1.6,1.57,1.19,12
U0815,36,0.18,3.9,3.71,1.59,1.18,1.73,1.61,12
U0816,64,1.05,0.45,1.98,0.03,0.75,0.97,1.42,6.65
U0817,27,2.21,0.07,0.13,0.17,1.41,0.88,0.89,5.76
U0818,45,3.33,0.45,2.97,1.97,0.91,0.6,0.82,11.05
U0819,32,2.52,0.27,1.7,0.94,0.38,1.63,1.52,8.96
U0820,20,2.19,2.58,3.68,0.14,0.5,0.61,0.66,10.36
U0821,34,3.75,0.04,2.77,1.66,0.8,0.05,0.86,9.93
U0822,64,1.76,0.63,2.17,1.6,1.3,0.25,1.03,8.74
U0823,36,0.49,1.91,1.07,0.69,1.99,0.56,0.73,7.44
U0824,24,0.53,1.02,0.24,1.21,0.76,1.5,0.74,6
U0825,52,0.63,0.81,3.21,0.72,0.22,1.3,0.36,7.25
U0826,57,0.07,1.94,2.34,1.4,1.22,0.2,1.54,8.71
U0827,65,2.89,1.49,1.3,1.02,0.58,0.32,0.09,7.69
U0828,19,2.32,3.4,0.5,1.08,1.9,1.29,1.56,12
U0829,29,1.23,0.36,1.73,0.84,0.47,0.99,0.59,6.21
U0830,32,1.63,0.15,0.16,1.17,1.53,0.99,1.43,7.06
U0831,39,2.5,3.9,3.88,0.14,0.99,0.53,0.26,12
U0832,57,1.18,0.24,2.24,0.66,1.87,1.07,1.49,8.75
U0833,28,0.48,1.83,3.34,1.83,1.12,1.68,0.42,10.7
U0834,23,2.27,2.93,3.63,1.53,0.14,0.92,1.91,12
U0835,32,3.05,2.15,1.21,1.66,1.23,0.21,0.67,10.18
U0836,22,3.35,0.15,1.22,1.88,0.29,1.2,0.49,8.58
U0837,23,3.95,3.78,1.71,0.87,0.18,0.12,0.63,11.24
U0838,65,0.1,2.31,1.9,0.82,1.64,0.51,0.81,8.09
U0839,19,3.68,0.42,0.53,0.18,1.06,0.86,0.3,7.03
U0840,51,1.78,1.39,0.62,0.32,1.83,1.66,1.71,9.31
U0841,58,3.24,1.64,2.35,0.8,0.81,1.13,0.47,10.44
U0842,27,0.64,1.03,0.85,1.61,0.2,1.07,0.52,5.92
U0843,43,0.01,0.08,0.61,0.93,1.61,0.23,0.72,4.19
U0844,65,2.63,3.09,0.7,0.68,1.55,0.4,0.23,9.28
U0845,59,3.39,0.5,1.35,0.85,1.47,0.25,0.71,8.52
U0846,49,0.61,1.89,2.75,0.74,0.58,0.36,1.47,8.4
U0847,18,3.36,2.34,1.92,0.74,0.72,1.1,0.62,10.8
U0848,44,0.84,0.38,2.89,0.4,1.37,1.89,1.15,8.92
U0849,35,1.41,1.42,0.22,1.62,0.86,1.19,1.65,8.37
U0850,37,0.4,2.2,0.83,1.18,0.83,0.82,1.06,7.32
U0851,41,3.99,2.5,1.09,1.15,1.45,1.32,0.87,12
U0852,57,2.85,0.27,3.65,0.87,0.85,0.48,0.68,9.65
U0853,53,,0.09,1.08,0.04,0.57,0.26,0.67,2.85
U0854,45,1.17,0.17,1.96,1.16,0.94,1,1.72,8.12
U0855,59,2.9,2.32,3.51,1.73,0.01,0.32,0.72,11.51
U0856,31,2.49,1.69,1.37,1.76,1.55,0.28,0.62,9.76
U0857,30,0.92,2.53,3.02,1.32,0.13,0.74,0.72,9.38
U0858,19,1.59,1.26,0.99,0.85,0.77,1.54,1.42,8.42
U0859,47,1.97,1.26,3.07,0.81,1.1,0.08,1.52,9.81
U0860,20,0.97,2.99,0,1.2,1.06,0.74,1.61,8.57
U0861,32,2.9,0.17,3.67,0.35,0.63,0.03,0.32,8.07
U0862,21,3.34,2,1.23,0.12,0.72,0.16,1.35,8.92
U0863,20,1.28,1.74,3.78,1.43,1.8,1.34,1.5,12
U0864,53,1.55,0.75,2.45,1.86,0.89,1.83,1.51,10.84
U0865,64,0.78,1.3,3.82,0.24,0.85,1.62,1.61,10.22
U0866,37,0.59,3.7,1.31,0.58,0.93,1.2,0.92,9.23
U0867,39,0.48,0.51,1.14,1.47,0.55,0.31,1.35,5.81
U0868,22,2.48,1.63,1.72,0.6,0.58,1.05,1.82,9.88
U0869,46,1.75,3.02,3.61,0.23,0.59,0.26,1.67,11.13
U0870,36,3.5,0.21,3.88,1.28,1.71,0.45,1.04,12
U0871,41,1.76,0.88,1.7,1.09,0.62,0.76,1.84,8.65
U0872,48,0.89,2.67,1.3,1.7,1.42,0.08,0.34,8.4
U0873,42,0.2,3.74,3.8,0.66,1.56,1.76,1.63,12
U0874,53,2.46,2.98,3.38,1.79,1.33,1.51,0.19,12
U0875,56,2.23,1.94,0.78,0.81,0.29,0.49,0.09,6.63
U0876,28,2.38,0.58,0.67,1.91,0.42,1.12,1.83,8.91
U0877,28,1.08,1.84,1.46,0.06,0.68,1.68,1.8,8.6
U0878,65,3.84,3.43,1.93,1.36,0.7,0.06,1.56,12
U0879,21,3.15,3.05,1.67,1.14,1.19,0.71,1.68,12
U0880,28,2.58,2.67,1.05,0.99,0.99,0.54,0.77,9.59
U0881,45,2.05,2.57,2,0.36,1.7,1.51,0.29,10.48
U0882,40,2.8,0.43,2.12,1.66,1.43,1.3,0.71,10.45
U0883,40,1.56,2.34,2.16,0.55,0.66,1.04,1.53,9.84
U0884,40,1.08,1.25,3.85,1.54,0.93,1.58,0.23,10.46
U0885,44,0.51,2.59,2.72,0.53,0.8,1.52,1.1,9.77
U0886,32,2.04,2.21,0.22,1.35,0.05,0.94,1.85,8.66
U0887,31,3.93,3.61,0.44,0.96,0.59,0.97,0.62,11.12
U0888,19,3.99,3.59,0.48,1.03,0.55,1.22,1.56,12
U0889,49,1.91,3.65,0.53,1.51,0.85,0.87,0.59,9.91
U0890,31,2.01,,3.37,1.98,0.51,0.03,1.38,10.56
U0891,62,3.9,2.94,0.18,1.04,1.97,1.52,0.01,11.56
U0892,26,3.91,0.76,2.36,1.99,1.18,0.4,1.45,12
U0893,24,1.47,3.26,1.69,0.08,1.43,0.01,0.72,8.66
U0894,20,2.68,2.49,3.05,1.66,1.02,1.48,0.78,12
U0895,61,3.58,1.98,1.59,1.46,1.99,1.31,1.16,12
U0896,56,0.95,2.02,1.32,1.3,1.54,0.65,1.05,8.83
U0897,65,3.17,3.22,2.79,0.92,0.76,1.39,1.74,12
U0898,20,1.1,1.07,0.09,0.4,0.65,1.02,0.09,4.42
U0899,53,1.87,3.26,2.43,0.28,1.26,0.45,0.15,9.7
U0900,48,2.93,1.33,3.95,1.52,1.47,0.38,0.06,11.64
U0901,59,2.01,2.06,0.06,0.48,,0.22,1.72,7.67
U0902,32,1.4,1.64,3.74,1.97,1.57,0.2,0.32,10.84
U0903,63,3.14,0.47,3.59,1.73,0.23,0.07,1.1,10.33
U0904,63,3.34,0.78,1.73,1.85,1.47,0.59,0.08,9.84
U0905,51,0.08,3.89,0.62,1.99,1.9,1.51,0.21,10.2
U0906,52,3.31,1.25,3.98,0.72,0.72,0.67,0.91,11.56
U0907,29,1.84,1.37,2.08,0.22,1.5,1.36,1.62,9.99
U0908,53,3.62,0.67,0.75,0.16,1.05,0.28,0.42,6.95
U0909,19,3.21,3.77,2.77,1.9,0.45,1.21,1.41,12
U0910,40,2.72,2.06,0.13,0.42,0.01,0.55,1.01,6.9
U0911,34,0.82,2.48,1.53,1.24,1.78,1.62,0.79,10.26
U0912,41,2.98,1.13,0.86,1.97,0.14,1.95,0.32,9.35
U0913,49,0.87,0.24,1.63,0.38,0.22,1.66,1.19,6.19
U0914,64,3.58,3.35,1.29,0.46,0.2,1.36,0.17,10.41
U0915,46,2.03,3.53,1.15,1.59,0.98,0.56,1.26,11.1
U0916,18,2.08,1.97,0.61,1,1.15,1.89,1.17,9.87
U0917,41,3.44,3.64,3.43,1.23,0.74,0.32,0.57,12
U0918,20,0.25,3.67,1.19,0.43,1.95,0.56,0.41,8.46
U0919,30,2.02,3.69,3.85,0.58,0.43,0.39,1.21,12
U0920,41,2.4,0.39,3.94,0.25,0.88,0.07,0.44,8.37
U0921,51,0.33,1.74,3.37,0.53,1.46,1.1,0.66,9.19
U0922,36,0.13,1.01,0.31,0.93,1.62,1.1,1.04,6.14
U0923,63,1.72,0.36,0.99,0.2,1.89,0.79,1.36,7.31
U0924,31,3.37,2.39,1.25,0.39,0.78,1.03,0.96,10.17
U0925,42,1.42,2.47,1.89,1.11,1.41,1.69,1.31,11.3
U0926,64,2.89,1.79,3.37,0.08,1.66,0.14,0.32,10.25
U0927,64,3.55,3,2.39,1.06,1.51,0.25,0.82,12
U0928,52,3.31,0.54,0.78,0.54,0.15,0.59,0.92,6.83
U0929,51,0.71,0.07,1.15,1.81,1.51,1.5,1.6,8.35
U0930,63,3.88,0.56,0.43,0.94,1.05,0.55,1.26,8.67
U0931,45,0.72,3.83,0.01,0.48,0.93,1.82,0.08,7.87
U0932,56,2.77,1.37,3.14,1.24,1.46,1.61,0.7,12
U0933,37,0.63,2.06,2.41,1.2,0.11,0.39,0.15,6.95
U0934,18,2.96,3.49,3.14,1.9,0.36,1.44,1.58,12
U0935,58,2.51,2.63,2.11,0.06,1.19,0.91,0.54,9.95
U0936,36,3.83,0.34,2.39,0.48,0.74,0.63,0.33,8.74
U0937,21,2.33,1.76,2.87,0.17,1.51,1.88,0.02,10.54
U0938,33,3.02,2.92,0.85,0.72,0.08,1.76,1.71,11.06
U0939,52,0.13,1.86,1.65,1.14,1.01,1.34,1.31,8.44
U0940,40,1.88,0.4,1.34,0.3,1.24,1.3,1.85,8.31
U0941,54,1.62,0.5,0.8,0.41,0.23,1.68,0.16,5.4
U0942,62,1.8,0.08,0.75,0.42,1.7,1.41,0.69,6.85
U0943,22,3.52,1.51,3.69,1.23,0.72,1.29,0.47,12
U0944,45,1.9,1.31,0.05,0.57,1.58,1.1,1.51,8.02
U0945,53,0.43,1.74,0.88,0.33,0.2,1.25,0.06,4.89
U0946,28,3.47,3.18,3.33,0.07,0.46,0.08,0.6,11.19
U0947,28,1.67,0.05,3.83,0.42,0.23,1.09,0.74,8.03
U0948,33,2.46,1.78,3.27,1.93,1.16,0.6,1.98,12
U0949,41,1.59,3.67,3.75,1.52,1.17,0.37,1.18,12
U0950,47,0.06,2.09,3.27,0.44,1.48,1.41,1.91,10.66
U0951,51,3.32,0.63,3.24,0.73,0.49,0.79,2,11.2
U0952,57,2.32,1.67,2.75,1.61,1.71,0.91,1,11.97
U0953,44,1.58,1.74,0.85,1.23,0.96,0.2,1.16,7.72
U0954,18,0.18,1.25,0.98,1.2,0.61,1.44,0.9,6.56
U0955,63,2.11,0.47,1.11,1.6,1.28,1.58,1.67,9.82
U0956,53,3.33,1.13,1.5,1.13,1.74,1.75,0.77,11.35
U0957,24,1.73,0.96,1.41,1.16,0.6,1.5,1.45,8.81
U0958,47,0.71,0.39,0.88,0.93,1.86,0.44,1.3,6.51
U0959,55,3.18,1.3,3.05,0.75,0.87,1.4,1.08,11.63
U0960,65,0.02,1.35,1.73,1.66,1.99,1.41,0.82,8.98
U0961,46,1.44,0.16,1.46,0.68,1.6,0.13,1.1,6.57
U0962,42,2.45,3.47,1.06,0.04,0.58,0.55,1.76,9.91
U0963,53,3.03,3.76,2.18,0.69,0.33,0.19,0.03,10.21
U0964,54,0.27,1.26,1.31,1.78,1.41,1.67,0.69,8.39
U0965,42,0.85,0.97,0.72,0.43,1.69,0.38,0.43,5.47
U0966,41,0.28,3.93,0.5,0.41,1.92,1.53,0.06,8.63
U0967,63,1.28,2.88,2.82,1.11,1.52,0.22,1.15,10.98
U0968,26,2.24,0.79,3.98,1.19,1.7,1.06,1,11.96
U0969,36,2.23,2.46,1.67,0.63,1.6,1.32,0.25,10.16
U0970,30,0.66,0.54,2.02,0.29,1.68,0.95,1.4,7.54
U0971,56,3.27,2.42,0.32,0.19,1.97,1.67,0.14,9.98
U0972,52,2.58,2.82,2.13,1.11,0.49,1.62,0.09,10.84
U0973,61,1.75,0.75,2.5,0.24,0.44,1.92,0.21,7.81
U0974,58,0.46,2.78,1.85,0.06,1.02,1.17,0.76,8.1
U0975,51,3.78,0.85,0.26,1.53,1.5,0.94,1.35,10.21
U0976,20,2.22,3.65,3.6,0.28,1.6,0.28,0.75,12
U0977,47,0.71,3.95,3.97,0.82,0.13,1.39,0.55,11.52
U0978,60,3.62,1.55,0.56,1.64,0.12,0.76,0.53,8.78
U0979,41,1.38,3.16,2.82,1.08,0.18,1.95,1.68,12
U0980,20,1.38,1.99,3.7,0.82,0.77,0.67,1.22,10.55
U0981,55,3.4,2.59,1.63,0.94,1.68,0.54,0.54,11.32
U0982,27,3.38,2.77,2.04,1.16,0.64,0.66,1.89,12
U0983,43,1.83,3.88,1.06,1.74,0.13,0.33,0.48,9.45
U0984,22,1.28,1.28,1.99,1.4,1.18,1.27,1.12,9.52
U0985,51,0.23,3.31,1.08,1.52,1.52,0.56,0.4,8.62
U0986,59,3.3,3.36,1.49,0.43,0.9,1.3,0.21,10.99
U0987,65,0.1,1.72,0.97,0.24,0.86,1.4,1.58,6.87
U0988,33,3.02,1.25,2.87,1.64,0.81,0.16,0.37,10.12
U0989,47,2.4,2.2,3.59,1.72,1.29,0.51,0.41,12
U0990,41,2.43,2.63,1.36,1.65,1.82,0.74,1.92,12
U0991,35,0.42,2.08,1.65,1.79,1.01,0.98,0.78,8.71
U0992,59,0.29,2.5,0.4,0.17,0.83,1.98,1.52,7.69
U0993,29,2.12,1.57,2.14,1.67,0.79,1.47,1.37,11.13
U0994,54,3.68,0.56,0.45,1.86,1.11,0.55,1.44,9.65
U0995,46,2.71,2.77,3.07,1,0.03,0.22,0.39,10.19
U0996,57,3.72,3.16,0.08,0.88,0.76,1.41,0.98,10.99
U0997,25,3.04,2.4,3.27,0.85,1.74,1.17,1.3,12
U0998,21,3.82,2.63,1.83,1.44,0.39,1.43,1.92,12
U0999,57,1.78,2.08,2.87,0.49,0.14,0.08,0.08,7.52
U1000,54,0.47,1.57,0.6,1.7,0.55,0.64,0.44,5.97
